First Name,Last Name,Job Title,Favorite Color
James,Matman,Chief Sandwich Eater,Lettuce Green
The,Tick,Crimefighter Sorta,Blue
Jokey,Smurf,Giving Exploding Presents,Smurflow
Cindy,Beyler,Sales Representative,Red
Captain,Cool,Tree Crusher,Blue
James,Matman,Chief Sandwich Eater,Lettuce Green
The,Tick,Crimefighter Sorta,Blue
Jokey,Smurf,Giving Exploding Presents,Smurflow
Cindy,Beyler,Sales Representative,Red
Captain,Cool,Tree Crusher,Blue
James,Matman,Chief Sandwich Eater,Lettuce Green
The,Tick,Crimefighter Sorta,Blue
Jokey,Smurf,Giving Exploding Presents,Smurflow
Cindy,Beyler,Sales Representative,Red
Captain,Cool,Tree Crusher,Blue
